Workbook

Sheet PER
A1: 회사명 | B1: PER | C1: 랭킹
A2: 메디포스트 | B2: -35121.12
A3: 미래생명자원 | B3: -16674
A4: 한솔홀딩스 | B4: -15669.67
A5: 애니젠 | B5: -9223.69
A6: SK3호스팩 | B6: -7290
A7: 오상자이엘 | B7: -6967.7
A8: 토니모리 | B8: -5074.52
A9: 투비소프트 | B9: -3833.89
A10: 제너셈 | B10: -3105.75
A11: 성문전자 | B11: -2927.26
A12: 바이로메드 | B12: -2734.79
A13: 세원정공 | B13: -2253.73
... A613: 한국제5호스팩 | B613: 0
A614: APS홀딩스 | B614: 0.23 | C614: =MAX($C$1:C613)+1 -> 1
A615: STX중공업 | B615: 0.37 | C615: =MAX($C$1:C614)+1 -> 2
A616: 제일파마홀딩스 | B616: 0.39 | C616: =MAX($C$1:C615)+1 -> 3
A617: 이녹스 | B617: 0.75 | C617: =MAX($C$1:C616)+1 -> 4
A618: 유비쿼스홀딩스 | B618: 1.04 | C618: =MAX($C$1:C617)+1 -> 5
A619: 삼강엠앤티 | B619: 1.1 | C619: =MAX($C$1:C618)+1 -> 6
A620: 오리온홀딩스 | B620: 1.1 | C620: =MAX($C$1:C619)+1 -> 7
A621: 크라운해태홀딩스 | B621: 1.3 | C621: =MAX($C$1:C620)+1 -> 8
A622: STX | B622: 1.61 | C622: =MAX($C$1:C621)+1 -> 9
A623: 현대시멘트 | B623: 1.84 | C623: =MAX($C$1:C622)+1 -> 10
A624: 동부건설 | B624: 2.07 | C624: =MAX($C$1:C623)+1 -> 11
A625: BGF | B625: 2.18 | C625: =MAX($C$1:C624)+1 -> 12
... A2006: 코미팜 | B2006: 23333.05 | C2006: =MAX($C$1:C2005)+1 -> 1393

Sheet ROA
A1: 회사명 | B1: ROA(영업이익)(%) | C1: 랭킹
A2: 넥스턴 | B2: 56.25 | C2: 1
A3: 삼화네트웍스 | B3: 50.18 | C3: 2
A4: 오가닉티코스메틱 | B4: 44.06 | C4: 3
A5: 티웨이홀딩스 | B5: 36.19 | C5: 4
A6: 마이크로프랜드 | B6: 34.58 | C6: 5
A7: 유니테스트 | B7: 33.33 | C7: 6
A8: 테라세미콘 | B8: 31.98 | C8: 7
A9: 에스티아이 | B9: 31.51 | C9: 8
A10: HB테크놀러지 | B10: 30.6 | C10: 9
A11: 영우디에스피 | B11: 28.38 | C11: 10
A12: 제주항공 | B12: 28.21 | C12: 11
A13: 예림당 | B13: 28.11 | C13: 12
... A1931: 에스아이티글로벌 | B1931: -108.24 | C1931: 1930
A1932: 3R | C1932: 1931
A1933: 3S | C1933: 1932
A1934: 3SOFT | C1934: 1933
A1935: 3노드디지탈 | C1935: 1934
A1936: AD모터스 | C1936: 1935
A1937: AJS | C1937: 1936
A1938: AP우주통신 | C1938: 1937
A1939: BET | C1939: 1938
A1940: BHK | C1940: 1939
A1941: C&우방 | C1941: 1940
A1942: C&중공업 | C1942: 1941
A1943: CJ엔터테인 | C1943: 1942
... A2871: 히든챔피언스팩1호 | C2871: 2870

Sheet 종합순위
A1: 회사명 | B1: ROA 랭킹 | C1: PER랭킹 | D1: 종합랭킹
A2: 서한 | B2: 25 | C2: =VLOOKUP(A2, PER!$A$614:$C$2006, 3, FALSE) -> 22 | D2: =B2+C2 -> 47
A3: 골프존 | B3: 21 | C3: =VLOOKUP(A3, PER!$A$614:$C$2006, 3, FALSE) -> 38 | D3: =B3+C3 -> 59
A4: 동원개발 | B4: 26 | C4: =VLOOKUP(A4, PER!$A$614:$C$2006, 3, FALSE) -> 42 | D4: =B4+C4 -> 68
A5: 오가닉티코스메틱 | B5: 3 | C5: =VLOOKUP(A5, PER!$A$614:$C$2006, 3, FALSE) -> 67 | D5: =B5+C5 -> 70
A6: 모베이스 | B6: 52 | C6: =VLOOKUP(A6, PER!$A$614:$C$2006, 3, FALSE) -> 45 | D6: =B6+C6 -> 97
A7: 테라세미콘 | B7: 7 | C7: =VLOOKUP(A7, PER!$A$614:$C$2006, 3, FALSE) -> 104 | D7: =B7+C7 -> 111
A8: 제이스텍 | B8: 85 | C8: =VLOOKUP(A8, PER!$A$614:$C$2006, 3, FALSE) -> 32 | D8: =B8+C8 -> 117
A9: 삼목에스폼 | B9: 64 | C9: =VLOOKUP(A9, PER!$A$614:$C$2006, 3, FALSE) -> 58 | D9: =B9+C9 -> 122
A10: 영우디에스피 | B10: 10 | C10: =VLOOKUP(A10, PER!$A$614:$C$2006, 3, FALSE) -> 114 | D10: =B10+C10 -> 124
A11: HB테크놀러지 | B11: 9 | C11: =VLOOKUP(A11, PER!$A$614:$C$2006, 3, FALSE) -> 123 | D11: =B11+C11 -> 132
A12: 로스웰 | B12: 33 | C12: =VLOOKUP(A12, PER!$A$614:$C$2006, 3, FALSE) -> 108 | D12: =B12+C12 -> 141
A13: 한국자산신탁 | B13: 31 | C13: =VLOOKUP(A13, PER!$A$614:$C$2006, 3, FALSE) -> 133 | D13: =B13+C13 -> 164
... A2871: 히든챔피언스팩1호 | B2871: 2870 | C2871: =VLOOKUP(A2871, PER!$A$614:$C$2006, 3, FALSE) -> #N/A | D2871: =B2871+C2871 -> #N/A
